Egresos;;;;;;;;;;;;;;;;;
;;;;;;;;;;;;;;;;;
Condominio La Reserva De Mitrinhue;;;;;;;;;;;;;;;;;
;;;;;;;;;;;;;;;;;
#Egreso;Monto;Fondo;Sub Fondos;Total;Items;Cheque;Fecha;Cuotas;Nulo;Descripción;Proveedor;Numero Comprobante;Nominativo;Asociado a Torres;Asociado a Cobro Individual;żPagado?;Colaborador
573;123.270;Gasto Común;Gastos de mantenimiento;marzo - 2026;Pintura;;13/03/2026;1;No;;Codelpa;;;No;No;No;S/I
572;850.000;Gasto Común;Mantenimiento;;S/I;Scotiabank;02/03/2026;1;No;Pago de servicios de mantenimiento ECOGARDEN;Ecogarden;;;No;No;No;S/I
571;20.350;Gasto Común;Uso y consumo;;S/I;Scotiabank;02/03/2026;1;No;Internet y telefonia;Movistar;;;No;No;No;S/I
570;24.990;Gasto Común;Uso y consumo;;S/I;Scotiabank;02/03/2026;1;No;Compra de botines de seguridad;Sodimac;;;No;No;No;S/I
569;360.000;Gasto Común;Mantenimiento;;S/I;Scotiabank;27/02/2026;1;No;Pago a Hector Castro por retiro de 2 camiones con maleza;Hector Castro;;;No;No;No;S/I
568;111.312;Gasto Común;Administrativos;;S/I;Scotiabank;23/02/2026;1;No;Pago a Michel Chopa por difusión en radio y diario oficial;Gestión Riego;;;No;No;No;S/I
567;200.000;Gasto Común;Mantenimiento;;S/I;Scotiabank;20/02/2026;1;No;Pago por arriendo de carro de arrastre;Otros;;;No;No;No;S/I
566;270.000;Gasto Común;Administrativos;;S/I;Scotiabank;20/02/2026;1;No;Pago a Michel Chopa por gestión de derechos en DGA;Gestión Riego;;;No;No;No;S/I
565;1.833.700;Fondo Operacional;Electricidad;;S/I;Scotiabank;18/02/2026;1;No;Pago de consumo electrico general;CGE;;;No;No;No;S/I
564;18.050;Gasto Común;Administrativos;;S/I;Scotiabank;18/02/2026;1;No;Internet y telefonia;Movistar;;;No;No;No;S/I
563;34.439;Gasto Común;Administrativos;;S/I;Scotiabank;18/02/2026;1;No;Internet y telefonia;Claro;;;No;No;No;S/I
562;25.286;Gasto Común;Administrativos;;S/I;Scotiabank;18/02/2026;1;No;Internet y telefonia;Claro;;;No;No;No;S/I
561;1.018.960;Gasto Común;Herramientas;;S/I;Scotiabank;18/02/2026;1;No;Compra de 3 basureros de 1100 Lts;Sodimac;;;No;No;No;S/I
560;12.470;Gasto Común;Administrativos;;S/I;Scotiabank;04/02/2026;1;No;Internet y telefonia;WOM;;;No;No;No;S/I
559;425.000;Gasto Común;Mantenimiento;;S/I;Scotiabank;04/02/2026;1;No;Pago de servicios de mantenimiento ECOGARDEN;Ecogarden;;;No;No;No;S/I
558;3.177;Gasto Común;Administrativos;;S/I;Santander;25/02/2026;1;No;Comisión Plan Santander;Santander;;;No;No;No;S/I
557;15.000;Gasto Común;Administrativos;;S/I;Santander;10/02/2026;1;No;Combustible por trámites;Copec;;;No;No;No;S/I
556;10.000;Gasto Común;Administrativos;;S/I;Santander;02/02/2026;1;No;Combustible por trámites;Copec;;;No;No;No;S/I
555;3.465;Gasto Común;Administrativos;;S/I;Santander;30/01/2026;1;No;Estacionamiento;Otros;;;No;No;No;S/I
554;12.100;Gasto Común;Administrativos;;S/I;Santander;30/01/2026;1;No;Colación;Otros;;;No;No;No;S/I
553;3.178;Gasto Común;Administrativos;;S/I;Santander;28/01/2026;1;No;Comisión Plan Santander;Santander;;;No;No;No;S/I
552;15.000;Gasto Común;Administrativos;;S/I;Santander;28/01/2026;1;No;Combustible por trámites;Copec;;;No;No;No;S/I
551;8.890;Gasto Común;Uso y consumo;;S/I;Santander;28/01/2026;1;No;Aceite para generador;Copec;;;No;No;No;S/I
550;450;Gasto Común;Administrativos;;S/I;Santander;28/01/2026;1;No;Estacionamiento;Otros;;;No;No;No;S/I
549;140.214;Gasto Común;Infraestructura;;S/I;Scotiabank;27/01/2026;1;No;Pago a Daniel Carrillo por conexión generador conserjeria;Otros;;;No;No;No;S/I
548;40.001;Gasto Común;Herramientas;;S/I;Scotiabank;26/01/2026;1;No;Compra de repuestos para desbrozadora;Coprofor;;;No;No;No;S/I
547;18.650;Gasto Común;Uso y consumo;;S/I;Scotiabank;26/01/2026;1;No;Internet y telefonia;Movistar;;;No;No;No;S/I
546;31.469;Gasto Común;Uso y consumo;;S/I;Scotiabank;26/01/2026;1;No;Internet y telefonia;Claro;;;No;No;No;S/I
545;26.576;Gasto Común;Uso y consumo;;S/I;Scotiabank;26/01/2026;1;No;Internet y telefonia;Claro;;;No;No;No;S/I
544;20.350;Gasto Común;Uso y consumo;;S/I;Scotiabank;26/01/2026;1;No;Internet y telefonia;Movistar;;;No;No;No;S/I
543;100.000;Gasto Común;Infraestructura;;S/I;Scotiabank;26/01/2026;1;No;Pago a Daniel Carrillo por conexión generador conserjeria;Otros;;;No;No;No;S/I
542;425.000;Gasto Común;Mantenimiento;;S/I;Scotiabank;21/01/2026;1;No;Pago de servicios de mantenimiento ECOGARDEN;Otros;;;No;No;No;S/I
541;400.517;Gasto Común;Herramientas;;S/I;Scotiabank;20/01/2026;1;No;Eberall compra de generador;Eberall;;;No;No;No;S/I
540;500.000;Gasto Común;Herramientas;;S/I;Scotiabank;19/01/2026;1;No;Eberall compra de generador;Eberall;;;No;No;No;S/I
539;20.000;Gasto Común;Administrativos;;S/I;Santander;15/01/2026;1;No;Combustible por trámites;Copec;;;No;No;No;S/I
538;40.000;Gasto Común;Mantenimiento;;S/I;Santander;12/01/2026;1;No;Pago a Héctor Castro limpieza de lote 13 Mz 4;Otros;;;No;No;No;S/I
537;15.000;Gasto Común;Administrativos;;S/I;Santander;07/01/2026;1;No;Combustible por trámites;Copec;;;No;No;No;S/I
536;100.000;Gasto Común;Mantenimiento;;S/I;Scotiabank;12/01/2026;1;No;Pago a Héctor Castro limpieza de lote 7 Mz 2;Otros;;;No;No;No;S/I
535;12.470;Gasto Común;Uso y consumo;;S/I;Scotiabank;07/01/2026;1;No;Internet y telefonia;wom;;;No;No;No;S/I
534;386.550;Gasto Común;Infraestructura;;S/I;Scotiabank;07/01/2026;1;No;Compra de estanque 10000 litros pago 2;Bioplastic;;;No;No;No;S/I
533;500.000;Gasto Común;Infraestructura;;S/I;Scotiabank;06/01/2026;1;No;Compra de estanque 10000 litros pago 1;Bioplastic;;;No;No;No;S/I
532;425.000;Gasto Común;Mantenimiento;;S/I;Scotiabank;06/01/2026;1;No;Pago de servicios de mantenimiento ECOGARDEN;Ecogarden;;;No;No;No;S/I
531;1.691.400;Fondo Operacional;Electricidad;;S/I;Scotiabank;02/01/2026;1;No;Pago de consumo electrico general;CGE;;;No;No;No;S/I
530;18.050;Gasto Común;Uso y consumo;;S/I;Scotiabank;02/01/2026;1;No;Internet y telefonia;Movistar;;;No;No;No;S/I
529;29.489;Gasto Común;Uso y consumo;;S/I;Scotiabank;02/01/2026;1;No;Internet y telefonia;Claro;;;No;No;No;S/I
528;25.286;Gasto Común;Uso y consumo;;S/I;Scotiabank;02/01/2026;1;No;Internet y telefonia;Claro;;;No;No;No;S/I
527;20.350;Gasto Común;Uso y consumo;;S/I;Scotiabank;02/01/2026;1;No;Internet y telefonia;Movistar;;;No;No;No;S/I
526;386.750;Gasto Común;Reparaciones;;S/I;Scotiabank;02/01/2026;1;No;Pago por servicio de destape de alcantarillado;Gasalca;;;No;No;No;S/I
525;3.171;Gasto Común;Administrativos;;S/I;Santander;26/12/2025;1;No;Comisión Plan Santander;Santander;;;No;No;No;S/I
524;425.000;Gasto Común;Mantenimiento;;S/I;Scotiabank;23/12/2025;1;No;Pago de servicios de mantenimiento ECOGARDEN;Ecogarden;;;No;No;No;S/I
523;25.000;Gasto Común;Administrativos;;S/I;Santander;19/12/2025;1;No;Combustible por trámites;Copec;;;No;No;No;S/I
522;1.800;Gasto Común;Administrativos;;S/I;Santander;18/12/2025;1;No;estacionamiento;Otros;;;No;No;No;S/I
521;5.400;Gasto Común;Administrativos;;S/I;Santander;18/12/2025;1;No;Colación;Otros;;;No;No;No;S/I
520;43.955;Gasto Común;Administrativos;;S/I;Scotiabank;15/12/2025;1;No;Pago de IVA plan Anual Edipro;Edipro;;;No;No;No;S/I
519;231.343;Gasto Común;Administrativos;;S/I;Scotiabank;15/12/2025;1;No;Renovación de plan Anual Edipro;Edipro;;;No;No;No;S/I
518;150.000;Gasto Común;Otros gastos;;S/I;Santander;11/12/2025;1;No;Tranferencia a Patricio Abogado;Abogados;;;No;No;No;S/I
517;12.470;Gasto Común;Uso y consumo;;S/I;Scotiabank;09/12/2025;1;No;Internet y telefonia;Wom;;;No;No;No;S/I
516;18.050;Gasto Común;Uso y consumo;;S/I;Scotiabank;09/12/2025;1;No;Internet y telefonia;Movistar;;;No;No;No;S/I
515;1.712.900;Fondo Operacional;Electricidad;;S/I;Scotiabank;28/11/2025;1;No;Pago de consumo electrico general;CGE;;;No;No;No;S/I
514;29.336;Gasto Común;Uso y consumo;;S/I;Scotiabank;28/11/2025;1;No;Internet y telefonia;Claro;;;No;No;No;S/I
513;20.350;Gasto Común;Uso y consumo;;S/I;Scotiabank;28/11/2025;1;No;Internet y telefonia;Movistar;;;No;No;No;S/I
512;3.167;Gasto Común;Administrativos;;S/I;Santander;26/11/2025;1;No;Comisión Plan Santander;Santander;;;No;No;No;S/I
511;30.000;Gasto Común;Administrativos;;S/I;Santander;20/11/2025;1;No;Combustible por trámites;Copec;;;No;No;No;S/I
510;2.800;Gasto Común;Administrativos;;S/I;Santander;18/11/2025;1;No;estacionamiento;Otros;;;No;No;No;S/I
509;8.800;Gasto Común;Administrativos;;S/I;Santander;18/11/2025;1;No;Colación;Otros;;;No;No;No;S/I
508;3.700;Gasto Común;Administrativos;;S/I;Santander;17/11/2025;1;No;Transferencia pago derechos SEREMI;Otros;;;No;No;No;S/I
507;15.000;Gasto Común;Administrativos;;S/I;Santander;14/11/2025;1;No;Combustible por trámites;copec;;;No;No;No;S/I
506;250.000;Gasto Común;Administrativos;;S/I;Santander;14/11/2025;1;No;Transferencia pago derechos SEREMI;Otros;;;No;No;No;S/I
505;300.000;Gasto Común;Otros gastos;;S/I;Scotiabank;12/11/2025;1;No;Tranferencia a Patricio Abogado;Abogados;;;No;No;No;S/I
504;4.920;Gasto Común;Uso y consumo;;S/I;Santander;11/11/2025;1;No;;Otros;;;No;No;No;S/I
503;12.470;Gasto Común;Uso y consumo;;S/I;Scotiabank;10/11/2025;1;No;Internet y telefonia;Wom;;;No;No;No;S/I
502;1.861.500;Fondo Operacional;Electricidad;;S/I;Scotiabank;10/11/2025;1;No;Pago de consumo electrico general;CGE;;;No;No;No;S/I
501;25.154;Gasto Común;Uso y consumo;;S/I;Scotiabank;10/11/2025;1;No;Internet y telefonia;Claro;;;No;No;No;S/I
500;100.000;Gasto Común;Reparaciones;;S/I;Scotiabank;10/11/2025;1;No;Pago Cristian Peńa;Otros;;;No;No;No;S/I
499;30.000;Gasto Común;Administrativos;;S/I;Santander;10/11/2025;1;No;Combustible por trámites;Copec;;;No;No;No;S/I
498;1.680;Gasto Común;Administrativos;;S/I;Santander;07/11/2025;1;No;estacionamiento;Otros;;;No;No;No;S/I
497;3.900;Gasto Común;Administrativos;;S/I;Santander;07/11/2025;1;No;Colación;Otros;;;No;No;No;S/I
496;100.000;Gasto Común;Reparaciones;;S/I;Scotiabank;28/10/2025;1;No;Pago Cristian Peńa;Otros;;;No;No;No;S/I
495;3.159;Gasto Común;Administrativos;;S/I;Santander;28/10/2025;1;No;Comisión Plan Santander;Santander;;;No;No;No;S/I
494;17.819;Gasto Común;Uso y consumo;;S/I;Scotiabank;27/10/2025;1;No;Internet y telefonia;Movistar;;;No;No;No;S/I
493;19.990;Gasto Común;Uso y consumo;;S/I;Scotiabank;27/10/2025;1;No;Internet y telefonia;Movistar;;;No;No;No;S/I
492;28.500;Gasto Común;Herramientas;;S/I;Scotiabank;27/10/2025;1;No;Compra de hilo y cuchillo orilladora;Otros;;;No;No;No;S/I
491;35.000;Gasto Común;Administrativos;;S/I;Santander;27/10/2025;1;No;Combustible por trámites;Copec;;;No;No;No;S/I
490;40.198;Gasto Común;Uso y consumo;;S/I;Santander;24/10/2025;1;No;Pago por compra de combustible para orilladora;Copec;;;No;No;No;S/I
489;231.614;Gasto Común;Uso y consumo;;S/I;Santander;24/10/2025;1;No;Mantenimiento y reparación orilladora;Coprofor;;;No;No;No;S/I
488;40.000;Gasto Común;Reparaciones;;S/I;Scotiabank;21/10/2025;1;No;Pago Esteban Placencia por reparación de filtración;Otros;;;No;No;No;S/I
487;100.000;Gasto Común;Reparaciones;;S/I;Scotiabank;21/10/2025;1;No;Pago Cristian Peńa;Otros;;;No;No;No;S/I
486;25.331;Gasto Común;Uso y consumo;;S/I;Scotiabank;16/10/2025;1;No;Internet y telefonia;Claro;;;No;No;No;S/I
485;25.154;Gasto Común;Uso y consumo;;S/I;Scotiabank;16/10/2025;1;No;Internet y telefonia;Claro;;;No;No;No;S/I
484;100.000;Gasto Común;Reparaciones;;S/I;Scotiabank;16/10/2025;1;No;Pago Cristian Peńa;Otros;;;No;No;No;S/I
483;6.940;Gasto Común;Uso y consumo;;S/I;Santander;12/10/2025;1;No;Articulos de Aseo;Lider;;;No;No;No;S/I
482;50.000;Gasto Común;Reparaciones;;S/I;Scotiabank;06/10/2025;1;No;Pago Cristian Peńa;Otros;;;No;No;No;S/I
481;203.990;Gasto Común;Administrativos;;S/I;Scotiabank;06/10/2025;1;No;Contratación de Plan Legal Anual;Edipro;;;No;No;No;S/I
480;7.990;Gasto Común;Uso y consumo;;S/I;Scotiabank;03/10/2025;1;No;Internet y telefonia;Wom;;;No;No;No;S/I
479;1.768.700;Fondo Operacional;Electricidad;;S/I;Scotiabank;03/10/2025;1;No;Pago de consumo electrico general;CGE;;;No;No;No;S/I
478;14.370;Gasto Común;Uso y consumo;;S/I;Scotiabank;03/10/2025;1;No;Internet y telefonia;Movistar;;;No;No;No;S/I
477;25.331;Gasto Común;Uso y consumo;;S/I;Scotiabank;03/10/2025;1;No;Internet y telefonia;Claro;;;No;No;No;S/I
476;19.990;Gasto Común;Uso y consumo;;S/I;Scotiabank;03/10/2025;1;No;Internet y telefonia;Movistar;;;No;No;No;S/I
475;30.000;Gasto Común;Administrativos;;S/I;Santander;03/10/2025;1;No;Combustible por trámites;Copec;;;No;No;No;S/I
474;1.760;Gasto Común;Administrativos;;S/I;Santander;02/10/2025;1;No;Estacionamiento;Otros;;;No;No;No;S/I
473;2.000;Gasto Común;Administrativos;;S/I;Santander;02/10/2025;1;No;Certificados Notaría;Notaría;;;No;No;No;S/I
472;2.976;Gasto Común;Administrativos;;S/I;Santander;02/10/2025;1;No;Estacionamiento;Otros;;;No;No;No;S/I
471;10.000;Gasto Común;Administrativos;;S/I;Santander;02/10/2025;1;No;Certificados CBR Coronel;Conservador;;;No;No;No;S/I
470;10.000;Gasto Común;Administrativos;;S/I;Santander;02/10/2025;1;No;Certificados CBR Coronel;Conservador;;;No;No;No;S/I
469;30.000;Gasto Común;Administrativos;;S/I;Santander;02/10/2025;1;No;Certificados CBR Coronel;Conservador;;;No;No;No;S/I
468;30.000;Gasto Común;Administrativos;;S/I;Santander;01/10/2025;1;No;Combustible por trámites;Copec;;;No;No;No;S/I
467;3.149;Gasto Común;Administrativos;;S/I;Santander;26/09/2025;1;No;Comisión Plan Santander;Santander;;;No;No;No;S/I
466;6.270;Gasto Común;Uso y consumo;;S/I;Scotiabank;22/09/2025;1;No;Pago por compra de combustible para orilladora;Copec;;;No;No;No;S/I
465;15.000;Gasto Común;Administrativos;;S/I;Santander;16/09/2025;1;No;Combustible por trámites;Copec;;;No;No;No;S/I
464;11.990;Gasto Común;Uso y consumo;;S/I;Scotiabank;15/09/2025;1;No;Pago por compra de aceite para orilladora;Otros;;;No;No;No;S/I
463;25.154;Gasto Común;Uso y consumo;;S/I;Scotiabank;11/09/2025;1;No;Internet y telefonia;Claro;;;No;No;No;S/I
462;12.000;Gasto Común;Administrativos;;S/I;Santander;09/09/2025;1;No;Combustible por trámites;Copec;;;No;No;No;S/I
461;250.000;Gasto Común;Reparaciones;;S/I;Scotiabank;08/09/2025;1;No;Pago a Valle Mitrinhue por reparación de acceso;Otros;;;No;No;No;S/I
460;100.000;Gasto Común;Reparaciones;;S/I;Scotiabank;08/09/2025;1;No;Pago Cristian Peńa;Otros;;;No;No;No;S/I
459;28.550;Gasto Común;Administrativos;;S/I;Santander;08/09/2025;1;No;Combustible por trámites;Copec;;;No;No;No;S/I
458;2.051.400;Fondo Operacional;Electricidad;;S/I;Scotiabank;04/09/2025;1;No;Pago de consumo electrico general;CGE;;;No;No;No;S/I
457;16.358;Gasto Común;Uso y consumo;;S/I;Scotiabank;04/09/2025;1;No;Internet y telefonia;Movistar;;;No;No;No;S/I
456;26.455;Gasto Común;Uso y consumo;;S/I;Scotiabank;04/09/2025;1;No;Internet y telefonia;Claro;;;No;No;No;S/I
455;19.990;Gasto Común;Uso y consumo;;S/I;Scotiabank;04/09/2025;1;No;Internet y telefonia;Movistar;;;No;No;No;S/I
454;7.990;Gasto Común;Uso y consumo;;S/I;Scotiabank;04/09/2025;1;No;Internet y telefonia;Wom;;;No;No;No;S/I
453;4.400;Gasto Común;Otros gastos;;S/I;Santander;02/09/2025;1;No;Colación;Otros;;;No;No;No;S/I
452;3.134;Gasto Común;Administrativos;;S/I;Santander;27/08/2025;1;No;Comisión Plan Santander;Santander;;;No;No;No;S/I
451;300.000;Gasto Común;Otros gastos;;S/I;Scotiabank;25/08/2025;1;No;Tranferencia a Patricio Abogado;Abogados;;;No;No;No;S/I
450;180.000;Gasto Común;Reparaciones;;S/I;Scotiabank;12/08/2025;1;No;Instalación de Motor nuevo en portón de acceso;Fenix8;;;No;No;No;S/I
449;31.227;Gasto Común;Reparaciones;;S/I;Scotiabank;08/08/2025;1;No;Compra de topes para montaja de rieles;Automatec;;;No;No;No;S/I
448;825.384;Gasto Común;Reparaciones;;S/I;Scotiabank;08/08/2025;1;No;Compra de motor para porton;Automatec;;;No;No;No;S/I
447;7.990;Gasto Común;Uso y consumo;;S/I;Scotiabank;08/08/2025;1;No;Internet y telefonia;Wom;;;No;No;No;S/I
446;2.225.200;Fondo Operacional;S/I;;S/I;Scotiabank;08/08/2025;1;No;Pago de consumo electrico general;CGE;;;No;No;No;S/I
445;16.344;Gasto Común;Uso y consumo;;S/I;Scotiabank;08/08/2025;1;No;Internet y telefonia;Movistar;;;No;No;No;S/I
444;28.529;Gasto Común;Uso y consumo;;S/I;Scotiabank;08/08/2025;1;No;Internet y telefonia;Claro;;;No;No;No;S/I
443;22.172;Gasto Común;Uso y consumo;;S/I;Scotiabank;08/08/2025;1;No;Internet y telefonia;Movistar;;;No;No;No;S/I
442;3.141;Gasto Común;Administrativos;;S/I;Santander;29/07/2025;1;No;Comisión Plan Santander;Santander;;;No;No;No;S/I
441;4.540;Gasto Común;Otros gastos;;S/I;Santander;25/07/2025;1;No;Envio correos;Correos de Chile;;;No;No;No;S/I
440;20.000;Gasto Común;Otros gastos;;S/I;Santander;25/07/2025;1;No;Combustible por trámites;Copec;;;No;No;No;S/I
439;4.600;Gasto Común;Otros gastos;;S/I;Santander;23/07/2025;1;No;Colación;Otros;;;No;No;No;S/I
438;6.000;Gasto Común;Otros gastos;;S/I;Santander;23/07/2025;1;No;Notaría;Notaría;;;No;No;No;S/I
437;6.800;Gasto Común;Otros gastos;;S/I;Santander;23/07/2025;1;No;impresiones;Otros;;;No;No;No;S/I
436;10.000;Gasto Común;Otros gastos;;S/I;Santander;22/07/2025;1;No;Resmas de hojas;Otros;;;No;No;No;S/I
435;37.000;Gasto Común;Otros gastos;;S/I;Santander;22/07/2025;1;No;Combustible por trámites;Copec;;;No;No;No;S/I
434;125.000;Gasto Común;Administrativos;;S/I;Santander;22/07/2025;1;No;Certificacion electronica notarial;Notaría;;;No;No;No;S/I
433;140.000;Gasto Común;Administrativos;;S/I;Santander;22/07/2025;1;No;Escritura Publica Asamblea;Notaría;;;No;No;No;S/I
432;140.000;Gasto Común;Administrativos;;S/I;Santander;22/07/2025;1;No;Escritura Publica Asamblea;Notaría;;;No;No;No;S/I
431;49.980;Gasto Común;Uso y consumo;;S/I;Scotiabank;21/07/2025;1;No;Internet y telefonia;Claro;;;No;No;No;S/I
430;22.140;Gasto Común;Uso y consumo;;S/I;Scotiabank;18/07/2025;1;No;Internet y telefonia;Movistar;;;No;No;No;S/I
429;1.890;Gasto Común;Otros gastos;;S/I;Santander;11/07/2025;1;No;estacionamiento;Otros;;;No;No;No;S/I
428;9.980;Gasto Común;Otros gastos;;S/I;Santander;11/07/2025;1;No;Colación;Otros;;;No;No;No;S/I
427;12.000;Gasto Común;Otros gastos;;S/I;Santander;11/07/2025;1;No;Combustible por trámites;Copec;;;No;No;No;S/I
426;2.005.500;Fondo Operacional;S/I;;S/I;Scotiabank;09/07/2025;1;No;Pago de consumo electrico general;CGE;;;No;No;No;S/I
425;7.990;Gasto Común;Uso y consumo;;S/I;Scotiabank;09/07/2025;1;No;Internet y telefonia;Wom;;;No;No;No;S/I
424;14.255;Gasto Común;Uso y consumo;;S/I;Scotiabank;09/07/2025;1;No;Internet y telefonia;Movistar;;;No;No;No;S/I
423;1.000;Gasto Común;Otros gastos;;S/I;Santander;02/07/2025;1;No;Colación;Otros;;;No;No;No;S/I
422;200.000;Gasto Común;Otros gastos;;S/I;Santander;27/06/2025;1;No;Pago de pasajes y estadía abogados;Abogados;;;No;No;No;S/I
421;3.135;Gasto Común;Administrativos;;S/I;Santander;26/06/2025;1;No;Comisión Plan Santander;Santander;;;No;No;No;S/I
420;24.000;Gasto Común;Otros gastos;;S/I;Santander;18/06/2025;1;No;Combustible por trámites;Copec;;;No;No;No;S/I
419;7.990;Gasto Común;Otros gastos;;S/I;Scotiabank;08/06/2025;1;No;Internet y telefonia;Wom;;;No;No;No;S/I
418;1.920.600;Fondo Operacional;S/I;;S/I;Scotiabank;08/06/2025;1;No;Pago de consumo electrico general;CGE;;;No;No;No;S/I
417;3.112;Gasto Común;Administrativos;;S/I;;04/06/2025;1;No;Comisión mantención Plan;Santander;;;No;No;No;S/I
416;3.126;Gasto Común;Administrativos;;S/I;;04/06/2025;1;No;Comisión mantención Plan;Santander;;;No;No;No;S/I
415;19.990;Gasto Común;Otros gastos;;S/I;Scotiabank;27/05/2025;1;No;Internet y telefonia;Movistar;;;No;No;No;S/I
414;20.000;Gasto Común;Otros gastos;;S/I;Scotiabank;27/05/2025;1;No;Combustible traslados y trámites;Copec;;;No;No;No;S/I
413;64.192;Gasto Común;Otros gastos;;S/I;Scotiabank;26/05/2025;1;No;PAGO POR WEB DE SERVICIOS de telefonía;Otros;;;No;No;No;S/I
412;1.000;Gasto Común;Administrativos;;S/I;;13/05/2025;1;No;Pago TGR;TGR;;;No;No;No;S/I
411;50.000;Gasto Común;Otros gastos;;S/I;Scotiabank;12/05/2025;1;No;Pago de materiales eléctricos, instalaciones y revisión de cámara acceso.;Otros;;;No;No;No;S/I
410;1.658.400;Fondo Operacional;S/I;;S/I;Scotiabank;12/05/2025;1;No;Pago de consumo electrico general;CGE;;;No;No;No;S/I
409;70.000;Gasto Común;Otros gastos;;S/I;Scotiabank;08/05/2025;1;No;Pago por instalación de cámara en acceso;Alan Fuentes;;;No;No;No;S/I
408;394.897;Gasto Común;Otros gastos;;S/I;Scotiabank;06/05/2025;1;No;Compra de camaras, memorias, ups y controles;Otros;;;No;No;No;S/I
407;49.921;Gasto Común;Otros gastos;;S/I;Scotiabank;05/05/2025;1;No;PAGO POR WEB DE SERVICIOS de telefonía;Otros;;;No;No;No;S/I
406;25.491;Gasto Común;Otros gastos;;S/I;Scotiabank;23/04/2025;1;No;Compra de medidor Wifi;Mercadolibre;;;No;No;No;S/I
405;397.080;Gasto Común;Otros gastos;;S/I;Scotiabank;23/04/2025;1;No;Pago 2 de mano de obra instalacion de estanque;DeLourdes;;;No;No;No;S/I
404;500.000;Gasto Común;Otros gastos;;S/I;Scotiabank;22/04/2025;1;No;Pago 1 de mano de obra instalacion de estanque;DeLourdes;;;No;No;No;S/I
403;5.990;Gasto Común;Administrativos;;S/I;;21/04/2025;1;No;Librería;Otros;;;No;No;No;S/I
402;16.269;Gasto Común;Otros gastos;;S/I;;21/04/2025;1;No;Internet y telefonia;Movistar;;;No;No;No;S/I
401;149.990;Gasto Común;Otros gastos;;S/I;;17/04/2025;1;No;Compra de impresora multifuncional;Lider;;;No;No;No;S/I
400;1.558.900;Fondo Operacional;S/I;;S/I;Scotiabank;17/04/2025;1;No;Pago de consumo electrico general;CGE;;;No;No;No;S/I
399;15.000;Gasto Común;Otros gastos;;S/I;;11/04/2025;1;No;Compra de materiales Hidrocentro Rogelio;Hidrocentro;;;No;No;No;S/I
398;53.105;Gasto Común;Otros gastos;;S/I;;11/04/2025;1;No;Compra de materiales Hidrocentro Rogelio;Hidrocentro;;;No;No;No;S/I
397;58.146;Gasto Común;Otros gastos;;S/I;;11/04/2025;1;No;Compra de materiales Hidrocentro Rogelio;Hidrocentro;;;No;No;No;S/I
396;1.250;Gasto Común;Otros gastos;;S/I;Scotiabank;11/04/2025;1;No;Estacionamiento CBR Coronel;Otros;;;No;No;No;S/I
395;2.400;Gasto Común;Otros gastos;;S/I;Scotiabank;11/04/2025;1;No;Estacionamiento DOM;Otros;;;No;No;No;S/I
394;6.803;Gasto Común;Administrativos;;S/I;Scotiabank;11/04/2025;1;No;Pago de certificado de número DOM;DOM;;;No;No;No;S/I
393;25.000;Gasto Común;Otros gastos;;S/I;Scotiabank;11/04/2025;1;No;Combustible traslados y trámites;Copec;;;No;No;No;S/I
392;34.819;Gasto Común;Otros gastos;;S/I;Scotiabank;11/04/2025;1;No;Compra de relé control de nivel estanque;Mercadolibre;;;No;No;No;S/I
391;41.772;Gasto Común;Otros gastos;;S/I;Scotiabank;11/04/2025;1;No;Compras en Sodimac;Sodimac;;;No;No;No;S/I
390;50.000;Gasto Común;Otros gastos;;S/I;Scotiabank;11/04/2025;1;No;Pago 2 por topografía avenidas condominio;Otros;;;No;No;No;S/I
389;33.991;Gasto Común;Otros gastos;;S/I;Scotiabank;09/04/2025;1;No;Compras en Sodimac;Sodimac;;;No;No;No;S/I
388;500.000;Gasto Común;Otros gastos;;S/I;Scotiabank;09/04/2025;1;No;Pago 1 por topografía avenidas condominio;Otros;;;No;No;No;S/I
387;69.939;Gasto Común;Otros gastos;;S/I;;08/04/2025;1;No;Compra de materiales Hidrocentro Rogelio;Hidrocentro;;;No;No;No;S/I
386;450.000;Gasto Común;Otros gastos;;S/I;Scotiabank;07/04/2025;1;No;Pago 1 por gestión de inscripción derechos de agua;Gestión Riego;;;No;No;No;S/I
385;7.990;Gasto Común;Otros gastos;;S/I;;07/04/2025;1;No;Internet y telefonia;Wom;;;No;No;No;S/I
384;11.366;Gasto Común;Otros gastos;;S/I;;07/04/2025;1;No;Compra supermencado;Otros;;;No;No;No;S/I
383;25.000;Gasto Común;Otros gastos;;S/I;;07/04/2025;1;No;Combustible traslados y tramites;Copec;;;No;No;No;S/I
382;30.686;Gasto Común;Otros gastos;;S/I;;07/04/2025;1;No;Internet y telefonia;Claro;;;No;No;No;S/I
381;571.200;Gasto Común;Otros gastos;;S/I;;07/04/2025;1;No;Compra de bomba y controlador Sur Bombas;Sur Bombas;;;No;No;No;S/I
380;166.274;Gasto Común;Otros gastos;;S/I;;04/04/2025;1;No;Pago 2 Biodiversa por analisis de agua en laboratorio;Biodiversa;;;No;No;No;S/I
379;170.000;Gasto Común;Otros gastos;;S/I;;04/04/2025;1;No;Instalación de empalme para bombas;Alan fuentes;;;No;No;No;S/I
378;119.990;Gasto Común;Otros gastos;;S/I;;03/04/2025;1;No;Compra de router wifi para conserjería;Casa Royal;;;No;No;No;S/I
377;250.000;Gasto Común;Otros gastos;;S/I;;03/04/2025;1;No;Pago 1 Biodiversa por analisis de agua en laboratorio;Biodiversa;;;No;No;No;S/I
376;484.031;Gasto Común;Otros gastos;;S/I;;03/04/2025;1;No;Compra de estanque hidroneumatico Rogelio;Otros;;;No;No;No;S/I
375;30.000;Gasto Común;Administrativos;;S/I;;02/04/2025;1;No;Combustible traslados y trámites;Copec;;;No;No;No;S/I
374;50.421;Gasto Común;Otros gastos;;S/I;;02/04/2025;1;No;Compra de materiales Hidrocentro;Hidrocentro;;;No;No;No;S/I
373;150.000;Gasto Común;Otros gastos;;S/I;;02/04/2025;1;No;Arriendo de excavadora apoyo solucion agua potable;Otros;;;No;No;No;S/I
372;1.213.800;Gasto Común;Otros gastos;;S/I;;02/04/2025;1;No;Compra de estanque 10000 Lts Rogelio;Hidrocentro;;;No;No;No;S/I
371;23.034;Gasto Común;Otros gastos;;S/I;;01/04/2025;1;No;Compra de materiales Fitting;Sodimac;;;No;No;No;S/I
370;66.542;Gasto Común;Otros gastos;;S/I;;01/04/2025;1;No;Compra de materiales Hidrocentro Rogelio;Hidrocentro;;;No;No;No;S/I
369;86.454;Gasto Común;Otros gastos;;S/I;;01/04/2025;1;No;Compra de materiales Hidrocentro;Hidrocentro;;;No;No;No;S/I
368;214.200;Gasto Común;Otros gastos;;S/I;;01/04/2025;1;No;Pago por compra de bombas Sur Bombas;Sur Bombas;;;No;No;No;S/I
367;250.000;Gasto Común;Otros gastos;;S/I;;01/04/2025;1;No;Arriendo de excavadora apoyo solucion agua potable;Otros;;;No;No;No;S/I
366;268.082;Gasto Común;Otros gastos;;S/I;;01/04/2025;1;No;Compra de materiales Hidrocentro Rogelio;Hidrocentro;;;No;No;No;S/I
365;40.000;Gasto Común;Otros gastos;;S/I;;31/03/2025;1;No;Pago 4 por perforación de pozo profundo;Makal Solar SPA;;;No;No;No;S/I
364;841.093;Gasto Común;Otros gastos;;S/I;;31/03/2025;1;No;Pago por habilitación de pozo y materiales;Manuel Vallejos;;;No;No;No;S/I
363;5.000.000;Gasto Común;Otros gastos;;S/I;;28/03/2025;1;No;Pago 3 por perforación de pozo profundo;Makal Solar SPA;;;No;No;No;S/I
362;3.092;Gasto Común;Administrativos;;S/I;;27/03/2025;1;No;Comisión mantención Plan;Santander;;;No;No;No;S/I
361;3.599.000;Gasto Común;Otros gastos;;S/I;;27/03/2025;1;No;Pago 2 por perforación de pozo profundo;Makal Solar SPA;;;No;No;No;S/I
360;1.000;Gasto Común;Otros gastos;;S/I;;26/03/2025;1;No;Pago 1 por perforación de pozo profundo;Makal Solar SPA;;;No;No;No;S/I
359;22.578;Gasto Común;Otros gastos;;S/I;;21/03/2025;1;No;Internet y telefonia;Movistar;;;No;No;No;S/I
358;1.050.000;Gasto Común;Otros gastos;;S/I;;19/03/2025;1;No;Pago 2 por proyecto de agua en SEREMI;Otros;;;No;No;No;S/I
357;250.000;Gasto Común;Otros gastos;;S/I;;18/03/2025;1;No;Pago 1 por proyecto de agua en SEREMI;Otros;;;No;No;No;S/I
356;2.190;Gasto Común;Administrativos;;S/I;;12/03/2025;1;No;Compra librería;Otros;;;No;No;No;S/I
355;15.200;Gasto Común;Otros gastos;;S/I;;12/03/2025;1;No;Colación testigos día de testificación en JPL;Otros;;;No;No;No;S/I
354;20.000;Gasto Común;Administrativos;;S/I;;12/03/2025;1;No;Combustible traslados y trámites;Copec;;;No;No;No;S/I
353;60.000;Gasto Común;Otros gastos;;S/I;;12/03/2025;1;No;Arriendo de casilla postal para condominio;Otros;;;No;No;No;S/I
352;11.600;Gasto Común;Otros gastos;;S/I;;10/03/2025;1;No;Cafeteria día de testificación en JPL;Otros;;;No;No;No;S/I
351;17.600;Gasto Común;Otros gastos;;S/I;;10/03/2025;1;No;Cafeteria día de testificación en JPL;Otros;;;No;No;No;S/I
350;100.000;Gasto Común;Otros gastos;;S/I;;10/03/2025;1;No;Pasajes abogados;Abogados;;;No;No;No;S/I
349;7.990;Gasto Común;Otros gastos;;S/I;;06/03/2025;1;No;Internet y telefonia;Wom;;;No;No;No;S/I
348;26.412;Gasto Común;Otros gastos;;S/I;;06/03/2025;1;No;Internet y telefonia;Claro;;;No;No;No;S/I
347;31.866;Gasto Común;Otros gastos;;S/I;;06/03/2025;1;No;Internet y telefonia;Movistar;;;No;No;No;S/I
346;1.642.300;Fondo Operacional;S/I;;S/I;;06/03/2025;1;No;Pago de consumo electrico general;CGE;;;No;No;No;S/I
345;3.071;Gasto Común;Administrativos;;S/I;;26/02/2025;1;No;Comisión mantención Plan;Santander;;;No;No;No;S/I
344;50.000;Gasto Común;Otros gastos;;S/I;;25/02/2025;1;No;Visita para cotización de pozo profundo;Perforaciones Chile SPA;;;No;No;No;S/I
343;80.000;Gasto Común;Gastos de mantenimiento;;S/I;;21/02/2025;1;No;Limpieza lote 5 manzana 2;Hector Castro;;;No;No;No;S/I
342;150.000;Gasto Común;Gastos de mantenimiento;;S/I;;21/02/2025;1;No;Limpieza y retiro de basura areas verdes;Hector Castro;;;No;No;No;S/I
341;629.000;Gasto Común;Gastos de mantenimiento;;S/I;;14/02/2025;1;No;Instalaciones Electricas;Alan Fuentes;;;No;No;No;S/I
340;80.000;Gasto Común;Otros gastos;;S/I;;12/02/2025;1;No;Limpieza lote 10 manzana 3;Hector Castro;;;No;No;No;S/I
339;120.000;Gasto Común;Otros gastos;;S/I;;12/02/2025;1;No;Limpieza lote 11 manzana 3;Hector Castro;;;No;No;No;S/I
338;26.412;Gasto Común;Otros gastos;;S/I;;11/02/2025;1;No;Telefonia e Internet;Claro;;;No;No;No;S/I
337;1.667.200;Fondo Operacional;S/I;;S/I;;10/02/2025;1;No;Pago de consumo electrico general;CGE;;;No;No;No;S/I
336;75.000;Gasto Común;Gastos de mantenimiento;;S/I;;10/02/2025;1;No;Instalaciones Electricas;Alan Fuentes;;;No;No;No;S/I
335;47.115;Gasto Común;Otros gastos;;S/I;;10/02/2025;1;No;Telefonia e Internet;Movistar;;;No;No;No;S/I
334;7.990;Gasto Común;Otros gastos;;S/I;;10/02/2025;1;No;Telefonia e Internet;Wom;;;No;No;No;S/I
333;10.000;Gasto Común;Administrativos;;S/I;;07/02/2025;1;No;Certificado Notaria;Notaría;;;No;No;No;S/I
332;54.150;Gasto Común;Otros gastos;;S/I;;06/02/2025;1;No;Reembolso pasajes abogados;Hector Castro;;;No;No;No;S/I
331;167.500;Gasto Común;Otros gastos;;S/I;;03/02/2025;1;No;Limpieza lote 13 manzana 2;Hector Castro;;;No;No;No;S/I
330;97.500;Gasto Común;Otros gastos;;S/I;;03/02/2025;1;No;Limpieza lote 5 manzana 4;Hector Castro;;;No;No;No;S/I
329;87.500;Gasto Común;Otros gastos;;S/I;;03/02/2025;1;No;Limpieza lote 13 manzana 3;Hector Castro;;;No;No;No;S/I
328;37.500;Gasto Común;Otros gastos;;S/I;;03/02/2025;1;No;Retiro de basura lote 6 manzana 4;Hector Castro;;;No;No;No;S/I
327;15.000;Gasto Común;Otros gastos;;S/I;;03/02/2025;1;No;Combustible;Copec;;;No;No;No;S/I
326;10.930;Gasto Común;Otros gastos;;S/I;;29/01/2025;1;No;Colación citación a JPL;Copec;;;No;No;No;S/I
325;5.000;Gasto Común;Otros gastos;;S/I;;29/01/2025;1;No;Combustible;Copec;;;No;No;No;S/I
324;3.073;Gasto Común;Administrativos;;S/I;;29/01/2025;1;No;Comisión mantención Plan;Santander;;;No;No;No;S/I
323;34.135;Gasto Común;Otros gastos;;S/I;;04/12/2024;1;No;Telefonia e Internet;Movistar;;;No;No;No;S/I
322;16.878;Gasto Común;Otros gastos;;S/I;;04/12/2024;1;No;Telefonia e Internet;Claro;;;No;No;No;S/I
321;200.000;Gasto Común;Gastos de mantenimiento;;S/I;;04/11/2024;1;No;Instalación de respaldo de energia conserjeria;Otros;;;No;No;No;S/I
320;132.990;Gasto Común;Otros gastos;;S/I;;31/01/2025;1;No;Foco LED solar;Otros;;;No;No;No;S/I
319;124.073;Gasto Común;Otros gastos;;S/I;;31/01/2025;1;No;Compra de focos LED;Otros;;;No;No;No;S/I
318;15.000;Gasto Común;Otros gastos;;S/I;;31/01/2025;1;No;Combustible;Otros;;;No;No;No;S/I
317;20.000;Gasto Común;Administrativos;;S/I;;31/01/2025;1;No;Combustible;Otros;;;No;No;No;S/I
316;10.000;Gasto Común;Administrativos;;S/I;;31/01/2025;1;No;Combustible;Otros;;;No;No;No;S/I
315;20.000;Gasto Común;Administrativos;;S/I;;29/01/2025;1;No;Combustible;Otros;;;No;No;No;S/I
314;2.800;Gasto Común;Administrativos;;S/I;;29/01/2025;1;No;Estacionamiento;Otros;;;No;No;No;S/I
313;40.000;Gasto Común;Administrativos;;S/I;;29/01/2025;1;No;Abogados;Otros;;;No;No;No;S/I
312;300.000;Gasto Común;Administrativos;;S/I;;29/01/2025;1;No;Abogados;Otros;;;No;No;No;S/I
311;562.000;Gasto Común;Administrativos;;S/I;;27/01/2025;1;No;Abogados;Otros;;;No;No;No;S/I
310;15.793;Gasto Común;Uso y consumo;;S/I;;02/01/2025;1;No;Internet;Claro;;;No;No;No;S/I
309;37.145;Gasto Común;Uso y consumo;;S/I;;02/01/2025;1;No;Internet;Movistar;;;No;No;No;S/I
308;8.990;Gasto Común;Uso y consumo;;S/I;;02/01/2025;1;No;Internet;Wom;;;No;No;No;S/I
307;1.510;Gasto Común;Administrativos;;S/I;;13/01/2025;1;No;Estacionamiento;Otrs;;;No;No;No;S/I
306;10.100;Gasto Común;Otros gastos;;S/I;;13/01/2025;1;No;Café Reunion;Otros;;;No;No;No;S/I
305;3.059;Gasto Común;Administrativos;;S/I;;26/12/2024;1;No;Comisión Cta Cte;Santander;;;No;No;No;S/I
304;25.298;Gasto Común;Administrativos;;S/I;;24/12/2024;1;No;Plan anual EDIPRO;EDIPRO;;;No;No;No;S/I
303;250.000;Gasto Común;Administrativos;;S/I;;23/12/2024;1;No;Plan anual EDIPRO;EDIPRO;;;No;No;No;S/I
302;10.000;Gasto Común;Administrativos;;S/I;;06/01/2025;1;No;Copia Reglamento de Copropiedad;CBR Coronel;;;No;No;No;S/I
301;20.000;Gasto Común;Otros gastos;;S/I;;05/01/2025;1;No;Control remoto lote 5 manzana 3;Otros;;;No;No;Si;S/I
300;24.830;Gasto Común;Otros gastos;;S/I;;04/01/2025;1;No;Compra artículos de librería;Supermercado;;;No;No;No;S/I
299;10.000;Gasto Común;Administrativos;;S/I;;03/01/2025;1;No;Firma de autorización;Notaría;;;No;No;No;S/I
298;15.000;Gasto Común;Administrativos;;S/I;;02/01/2025;1;No;Combustible;Copec;;;No;No;No;S/I
297;15.000;Gasto Común;Administrativos;;S/I;;01/01/2025;1;No;Combustible;Copec;;;No;No;No;S/I
296;80.000;Gasto Común;Otros gastos;;S/I;20005429;16/01/2025;1;No;Limpieza lote 6 manzana 4;Hector Castro;;;No;No;No;S/I
295;400.000;Gasto Común;Remuneraciones;;S/I;11184664;19/12/2024;1;No;Hector Castro;Hector Castro;;;No;No;No;S/I
294;11.170;Gasto Común;Gastos de mantenimiento;;S/I;764595029;16/12/2024;1;No;Abrazaderas;Sodimac;;;No;No;No;S/I
293;3.110;Gasto Común;Administrativos;;S/I;15264171;16/12/2024;1;No;Estacionamiento;Otros;;;No;No;No;S/I
292;7.000;Gasto Común;Administrativos;;S/I;2422234;16/12/2024;1;No;Combustible;Copec;;;No;No;No;S/I
291;3.000;Gasto Común;Administrativos;;S/I;6502;10/12/2024;1;No;Comprobante de domicilio;Notaría;;;No;No;No;S/I
290;6.000;Gasto Común;Administrativos;;S/I;2444967;09/12/2024;1;No;Combustible;Copec;;;No;No;No;S/I
289;12.880;Gasto Común;Otros gastos;;S/I;763624017;09/12/2024;1;No;Serrucho;Sodimac;;;No;No;No;S/I
288;3.000;Gasto Común;Administrativos;;S/I;19340;09/12/2024;1;No;Comprobante de domicilio;Notaría;;;No;No;No;S/I
287;17.060;Gasto Común;Gastos de mantenimiento;;S/I;763001563;08/12/2024;1;No;Hilo orilladora;Sodimac;;;No;No;No;S/I
286;38.100;Gasto Común;Gastos de mantenimiento;;S/I;2442204;06/12/2024;1;No;Bidones y combustible;Copec;;;No;No;No;S/I
285;50.000;Gasto Común;Gastos de mantenimiento;;S/I;8232643;13/12/2024;1;No;Retiro de maleza;Hector Castro;;;No;No;No;S/I
284;8.300;Gasto Común;Administrativos;;S/I;;03/12/2024;1;No;Estacionamiento;Otros;;;No;No;No;S/I
283;6.000;Gasto Común;Administrativos;;S/I;2408570;03/12/2024;1;No;Combustible;Copec;;;No;No;No;S/I
282;9.000;Gasto Común;Administrativos;;S/I;7260775;03/12/2024;1;No;Firma de autorización;Notaría;;;No;No;No;S/I
281;225.470;Gasto Común;Otros gastos;;S/I;762307439;30/11/2024;1;No;Compra de maquina y Epp;Sodimac;;;No;No;No;S/I
280;800.000;Gasto Común;Remuneraciones;;S/I;21280453;30/11/2024;1;No;Hector Castro;Hector Castro;;;No;No;No;S/I
279;1.556.000;Fondo Operacional;S/I;;S/I;;02/01/2025;;No;Pago de consumo eléctrico general;Cge;;;No;No;Si;S/I
278;12.720;Gasto Común;Carga Histórica;;S/I;;18/11/2024;1;No;Combustible;Copec;;;No;No;No;S/I
277;2.883;Gasto Común;Carga Histórica;;S/I;;18/11/2024;1;No;Estacionamiento;Combustible Y Estacionamientos;;;No;No;No;S/I
276;15.000;Gasto Común;Carga Histórica;;S/I;;08/11/2024;1;No;Combustible;Combustible Y Estacionamientos;;;No;No;No;S/I
275;3.390;Gasto Común;Carga Histórica;;S/I;;18/11/2024;1;No;Compra escobillon;Supermercado;;;No;No;No;S/I
274;14.100;Gasto Común;Carga Histórica;;S/I;;08/11/2024;1;No;Pala;Agroservicios Capurro;;;No;No;No;S/I
273;10.782;Gasto Común;Carga Histórica;;S/I;;08/11/2024;1;No;Piola cortadora;Sodimac SA;;;No;No;No;S/I
272;8.290;Gasto Común;Carga Histórica;;S/I;;05/11/2024;1;No;Rastrillo;Sodimac SA;;;No;No;No;S/I
271;18.170;Gasto Común;Carga Histórica;;S/I;;15/11/2024;1;No;EPP;Sodimac SA;;;No;No;No;S/I
270;2.500;Gasto Común;Carga Histórica;;S/I;;14/11/2024;1;No;Conector;Sodimac SA;;;No;No;No;S/I
269;1.700;Gasto Común;Carga Histórica;;S/I;;15/11/2024;1;No;Estacionamiento;Combustible Y Estacionamientos;;;No;No;No;S/I
268;150.000;Gasto Común;Carga Histórica;;S/I;;25/11/2024;1;No;Gastos de Notificación;Abogados;;;No;No;No;S/I
267;8.450;Gasto Común;Carga Histórica;;S/I;;25/11/2024;1;No;Utiles de aseo;Supermercado;;;No;No;No;S/I
266;3.038;Gasto Común;Carga Histórica;;S/I;;27/11/2024;1;No;Comisión Plan;Santander;;;No;No;No;S/I
265;196.780;Gasto Común;Carga Histórica;;S/I;;22/11/2024;1;No;Actualización reglamento;Administrativo;;;No;No;No;S/I
264;15.588;Gasto Común;Carga Histórica;;S/I;;08/11/2024;1;No;Internet conserjería;Internet Y Telefonía;;;No;No;No;S/I
263;29.482;Gasto Común;Carga Histórica;;S/I;;08/11/2024;1;No;Internet;Internet Y Telefonía;;;No;No;No;S/I
262;31.908;Gasto Común;Carga Histórica;;S/I;;08/11/2024;1;No;Internet y telefonía;Internet Y Telefonía;;;No;No;No;S/I
261;57.000;Gasto Común;Carga Histórica;;S/I;;06/11/2024;1;No;Compra de flores;Infraestructuras;;;No;No;No;S/I
259;1.594.700;Gasto Común;Carga Histórica;;S/I;;12/12/2024;1;No;Consumo electrico;Cge;;;No;No;No;S/I
258;250.000;Gasto Común;Carga Histórica;;S/I;;27/11/2024;1;No;Traspaso de cuotas iniciales a gasto común.;Interno;;;No;No;No;S/I
257;3.033;Gasto Común;Carga Histórica;;S/I;;28/10/2024;1;No;Comisión plan;Santander;;;No;No;No;S/I
256;900.000;Gasto Común;Carga Histórica;;S/I;;25/10/2024;1;No;Estudio Hidrogeologico;Infraestructuras;;;No;No;No;S/I
255;250.000;Gasto Común;Carga Histórica;;S/I;;22/10/2024;1;No;Estudio Hidrogeologico;Infraestructuras;;;No;No;No;S/I
254;10.000;Gasto Común;Carga Histórica;;S/I;;21/10/2024;1;No;Combustible trámites;Copec;;;No;No;No;S/I
253;26.990;Gasto Común;Carga Histórica;;S/I;;01/11/2024;1;No;Llave stilson;Sodimac SA;;;No;No;No;S/I
252;12.720;Gasto Común;Carga Histórica;;S/I;;01/11/2024;1;No;Compra bencina para cortadora de pasto;Copec;;;No;No;No;S/I
251;90.441;Gasto Común;Carga Histórica;;S/I;;01/11/2024;1;No;Materiales instalación de baterias;Instalaciones Electricas;;;No;No;No;S/I
250;65.870;Gasto Común;Carga Histórica;;S/I;;04/11/2024;1;No;Articulos de aseo;Sodimac SA;;;No;No;No;S/I
249;1.565.000;Gasto Común;Carga Histórica;;S/I;;14/11/2024;1;No;Consumo Electrico;Cge;;;No;No;No;S/I
248;100.000;Gasto Común;Carga Histórica;;S/I;;14/10/2024;1;No;Pago a bombero por prueaba de grifos;Infraestructuras;;;No;No;No;S/I
247;10.000;Gasto Común;Carga Histórica;;S/I;;20/10/2024;1;No;Capacitación;Administrativo;;;No;No;No;S/I
246;52.250;Gasto Común;Carga Histórica;;S/I;;17/10/2024;1;No;Pago starken;Instalaciones Electricas;;;No;No;No;S/I
245;675.325;Gasto Común;Carga Histórica;;S/I;;07/10/2024;1;No;Compra respaldo de energía;Instalaciones Electricas;;;No;No;No;S/I
244;15.588;Gasto Común;Carga Histórica;;S/I;;20/10/2024;1;No;Pago Claro;Internet Y Telefonía;;;No;No;No;S/I
243;14.420;Gasto Común;Carga Histórica;;S/I;;19/03/2024;1;No;Envío chilexpress;Internet Y Telefonía;;;No;No;No;S/I
242;142.700;Gasto Común;Carga Histórica;;S/I;;03/03/2023;1;No;Herramientas;Enocmat;;;No;No;No;S/I
241;196.780;Gasto Común;Carga Histórica;;S/I;;10/10/2024;1;No;Actualización Reglamento;Administrativo;;;No;No;No;S/I
240;24.552;Gasto Común;Carga Histórica;;S/I;;17/09/2024;1;No;Pago Movistar;Internet Y Telefonía;;;No;No;No;S/I
239;3.020;Gasto Común;Carga Histórica;;S/I;;26/09/2024;1;No;Comisión plan;Santander;;;No;No;No;S/I
238;30.000;Gasto Común;Carga Histórica;;S/I;;20/09/2024;1;No;Copia de llaves;Administrativo;;;No;No;No;S/I
237;24.580;Gasto Común;Carga Histórica;;S/I;;24/09/2024;1;No;Combustible;Copec;;;No;No;No;S/I
236;150.000;Gasto Común;Carga Histórica;;S/I;;28/09/2024;1;No;Limpieza areas comunes;Hector Castro;;;No;No;No;S/I
235;393.561;Gasto Común;Carga Histórica;;S/I;;09/09/2024;1;No;Reglamento de copropiedad;Administrativo;;;No;No;No;S/I
234;1.659.700;Gasto Común;Carga Histórica;;S/I;;07/10/2024;1;No;Consumo eléctrico;Cge;;;No;No;No;S/I
233;1.589.200;Gasto Común;Carga Histórica;;S/I;;12/09/2024;1;No;Consumo general;Cge;;;No;No;No;S/I
232;2.995;Gasto Común;Carga Histórica;;S/I;;29/06/2024;1;No;Comisión plan;Santander;;;No;No;No;S/I
231;37.098;Gasto Común;Carga Histórica;;S/I;;16/07/2024;1;No;Pago planes;Internet Y Telefonía;;;No;No;No;S/I
230;125.000;Gasto Común;Carga Histórica;;S/I;;18/07/2024;1;No;Compra alarma;Instalaciones Electricas;;;No;No;No;S/I
229;7.000;Gasto Común;Carga Histórica;;S/I;;05/07/2024;1;No;Recarga Wom;Internet Y Telefonía;;;No;No;No;S/I
228;3.005;Gasto Común;Carga Histórica;;S/I;;29/07/2024;1;No;Comisión plan;Santander;;;No;No;No;S/I
227;3.006;Gasto Común;Carga Histórica;;S/I;;28/08/2024;1;No;Comisión plan;Santander;;;No;No;No;S/I
226;123.457;Gasto Común;Carga Histórica;;S/I;;02/09/2024;1;No;Planes wom;Internet Y Telefonía;;;No;No;No;S/I
225;10.000;Gasto Común;Carga Histórica;;S/I;;05/08/2024;1;No;Recarga Wom portón;Internet Y Telefonía;;;No;No;No;S/I
224;12.990;Gasto Común;Carga Histórica;;S/I;;06/08/2024;1;No;Pago Entel;Internet Y Telefonía;;;No;No;No;S/I
223;17.000;Gasto Común;Carga Histórica;;S/I;;26/07/2024;1;No;Pago CBR;Administrativo;;;No;No;No;S/I
222;23.970;Gasto Común;Carga Histórica;;S/I;;16/08/2024;1;No;Pago internet;Internet Y Telefonía;;;No;No;No;S/I
221;12.990;Gasto Común;Carga Histórica;;S/I;;02/09/2024;1;No;Internet conserjería;Internet Y Telefonía;;;No;No;No;S/I
220;30.000;Gasto Común;Carga Histórica;;S/I;;24/07/2024;1;No;Limpieza de entrada al condominio;Hector Castro;;;No;No;No;S/I
219;750.000;Gasto Común;Carga Histórica;;S/I;;27/08/2024;1;No;Pago Abogados;Abogados;;;No;No;No;S/I
218;250.000;Gasto Común;Carga Histórica;;S/I;;26/08/2024;1;No;Pago Abogados;Abogados;;;No;No;No;S/I
217;1.822.300;Gasto Común;Carga Histórica;;S/I;;13/08/2024;1;No;Consumo eléctrico;Cge;;;No;No;No;S/I
216;1.657.000;Gasto Común;Carga Histórica;;S/I;;12/07/2024;1;No;Consumo eléctrico;Cge;;;No;No;No;S/I
215;7.000;Gasto Común;Carga Histórica;;S/I;;04/06/2024;1;No;Recarga portón;Internet Y Telefonía;;;No;No;No;S/I
214;18.870;Gasto Común;Carga Histórica;;S/I;;22/06/2024;1;No;Internet;Internet Y Telefonía;;;No;No;No;S/I
213;8.125;Gasto Común;Carga Histórica;;S/I;;22/06/2024;1;No;Internet;Internet Y Telefonía;;;No;No;No;S/I
212;16.990;Gasto Común;Carga Histórica;;S/I;;21/06/2024;1;No;Pago internet;Internet Y Telefonía;;;No;No;No;S/I
211;21.139;Gasto Común;Carga Histórica;;S/I;;03/06/2024;1;No;Pago internet;Internet Y Telefonía;;;No;No;No;S/I
210;13.980;Gasto Común;Carga Histórica;;S/I;;03/06/2024;1;No;Pago entel;Internet Y Telefonía;;;No;No;No;S/I
209;325.899;Gasto Común;Carga Histórica;;S/I;;08/05/2024;1;No;Instalacion de camaras y focos;Instalaciones Electricas;;;No;No;No;S/I
208;20.605;Gasto Común;Carga Histórica;;S/I;;07/05/2024;1;No;Pago de internet;Internet Y Telefonía;;;No;No;No;S/I
207;6.406;Gasto Común;Carga Histórica;;S/I;;06/05/2024;1;No;Envío de encomienda;Administrativo;;;No;No;No;S/I
206;3.000;Gasto Común;Carga Histórica;;S/I;;06/05/2024;1;No;Firma en notaría;Administrativo;;;No;No;No;S/I
205;105.000;Gasto Común;Carga Histórica;;S/I;;08/05/2024;1;No;Compra de focos cruce;Instalaciones Electricas;;;No;No;No;S/I
204;7.000;Gasto Común;Carga Histórica;;S/I;;28/04/2024;1;No;Recarga wom;Internet Y Telefonía;;;No;No;No;S/I
203;1.000.000;Gasto Común;Carga Histórica;;S/I;;25/04/2024;1;No;Pago por caso Penal;Abogados;;;No;No;No;S/I
202;2.981;Gasto Común;Carga Histórica;;S/I;;29/05/2024;1;No;Comisión mantención plan;Santander;;;No;No;No;S/I
201;2.966;Gasto Común;Carga Histórica;;S/I;;29/04/2024;1;No;Comisión mantención plan;Santander;;;No;No;No;S/I
200;1.518.900;Gasto Común;Carga Histórica;;S/I;;12/06/2024;1;No;Consumo eléctrico;Cge;;;No;No;No;S/I
199;107.100;Gasto Común;Carga Histórica;;S/I;;22/05/2024;1;No;Compra elementos alarma;Instalaciones Electricas;;;No;No;No;S/I
198;1.206.500;Gasto Común;Carga Histórica;;S/I;;15/05/2024;1;No;Consumo eléctrico;Cge;;;No;No;No;S/I
197;2.949;Gasto Común;Carga Histórica;;S/I;;26/03/2024;1;No;Comisión mantención plan;Santander;;;No;No;No;S/I
196;2.939;Gasto Común;Carga Histórica;;S/I;;27/02/2024;1;No;Comisión mantención plan;Santander;;;No;No;No;S/I
195;17.590;Gasto Común;Carga Histórica;;S/I;;14/02/2024;1;No;Envío por starken fumigadora;Infraestructuras;;;No;No;No;S/I
194;211.521;Gasto Común;Carga Histórica;;S/I;;12/02/2024;1;No;Compra de herbicidas;Agroservicios Capurro;;;No;No;No;S/I
193;89.850;Gasto Común;Carga Histórica;;S/I;;08/04/2024;1;No;Compras alarma;Instalaciones Electricas;;;No;No;No;S/I
192;149.970;Gasto Común;Carga Histórica;;S/I;;08/04/2024;1;No;Compra tarjetas micro SD;Instalaciones Electricas;;;No;No;No;S/I
191;227.920;Gasto Común;Carga Histórica;;S/I;;08/04/2024;1;No;Compra UPS cámaras;Instalaciones Electricas;;;No;No;No;S/I
190;34.590;Gasto Común;Carga Histórica;;S/I;;08/04/2024;1;No;Compras alarma;Instalaciones Electricas;;;No;No;No;S/I
189;7.705;Gasto Común;Carga Histórica;;S/I;;08/04/2024;1;No;Compras alarma;Instalaciones Electricas;;;No;No;No;S/I
188;40.080;Gasto Común;Carga Histórica;;S/I;;15/03/2024;1;No;Compras alarma;Instalaciones Electricas;;;No;No;No;S/I
187;24.131;Gasto Común;Carga Histórica;;S/I;;08/04/2024;1;No;Compras alarma;Instalaciones Electricas;;;No;No;No;S/I
186;204.110;Gasto Común;Carga Histórica;;S/I;;12/03/2024;1;No;Compras alarma;Instalaciones Electricas;;;No;No;No;S/I
185;95.418;Gasto Común;Carga Histórica;;S/I;;11/03/2024;1;No;Compra de cajas UPS;Instalaciones Electricas;;;No;No;No;S/I
184;20.617;Gasto Común;Carga Histórica;;S/I;;08/04/2024;1;No;Compras alarma;Instalaciones Electricas;;;No;No;No;S/I
183;20.890;Gasto Común;Carga Histórica;;S/I;;15/03/2024;1;No;Compras alarma;Instalaciones Electricas;;;No;No;No;S/I
182;1.660;Gasto Común;Carga Histórica;;S/I;;08/04/2024;1;No;Compra tornillos alarma;Instalaciones Electricas;;;No;No;No;S/I
181;49.378;Gasto Común;Carga Histórica;;S/I;;08/04/2024;1;No;Compras alarma;Instalaciones Electricas;;;No;No;No;S/I
180;12.100;Gasto Común;Carga Histórica;;S/I;;08/04/2024;1;No;Combustible y estacionamiento;Combustible Y Estacionamientos;;;No;No;No;S/I
179;15.103;Gasto Común;Carga Histórica;;S/I;;08/04/2024;1;No;Combustible y estacionamientos;Combustible Y Estacionamientos;;;No;No;No;S/I
178;10.450;Gasto Común;Carga Histórica;;S/I;;11/03/2024;1;No;Combustible y estacionamiento;Combustible Y Estacionamientos;;;No;No;No;S/I
177;134.990;Gasto Común;Carga Histórica;;S/I;;08/04/2024;1;No;Copra de pulverizadora;Mercadolibre;;;No;No;No;S/I
176;150.000;Gasto Común;Carga Histórica;;S/I;;01/04/2024;1;No;Pago 2 recurso;Abogados;;;No;No;No;S/I
175;250.000;Gasto Común;Carga Histórica;;S/I;;27/03/2024;1;No;Pago 1 recurso;Abogados;;;No;No;No;S/I
174;80.000;Gasto Común;Carga Histórica;;S/I;;27/03/2024;1;No;Pago de mandato demanda particular;Administrativo;;;No;No;No;S/I
173;13.050;Gasto Común;Carga Histórica;;S/I;;18/03/2024;1;No;Impresiones y chip;Administrativo;;;No;No;No;S/I
172;12.430;Gasto Común;Carga Histórica;;S/I;;01/12/2024;1;No;Envío encomiendas abogados;Administrativo;;;No;No;No;S/I
171;15.640;Gasto Común;Carga Histórica;;S/I;;18/03/2024;1;No;Librería;Administrativo;;;No;No;No;S/I
170;123.270;Gasto Común;Carga Histórica;;S/I;;14/03/2024;1;No;Materiales de pintado;Sodimac SA;;;No;No;No;S/I
169;427.500;Gasto Común;Carga Histórica;;S/I;;14/03/2024;1;No;Pago por trabajos de pintura;Trabajadores Eventuales;;;No;No;No;S/I
168;4.380;Gasto Común;Carga Histórica;;S/I;;05/03/2024;1;No;Materiales pintado;Sodimac SA;;;No;No;No;S/I
167;78.860;Gasto Común;Carga Histórica;;S/I;;04/03/2024;1;No;Materiales pintado;Sodimac SA;;;No;No;No;S/I
166;400.000;Gasto Común;Carga Histórica;;S/I;;06/03/2024;1;No;Pago por limpieza de lotes particulares;Hector Castro;;;No;No;No;S/I
165;10.000;Gasto Común;Carga Histórica;;S/I;;19/02/2024;1;No;Combustible trámites;Combustible Y Estacionamientos;;;No;No;No;S/I
164;60.000;Gasto Común;Carga Histórica;;S/I;;19/02/2024;1;No;Pago mandato notarial;Abogados;;;No;No;No;S/I
163;22.159;Gasto Común;Carga Histórica;;S/I;;19/02/2024;1;No;Internet conserjería;Internet Y Telefonía;;;No;No;No;S/I
162;62.691;Gasto Común;Carga Histórica;;S/I;;19/02/2024;1;No;Materiales pintado;Sodimac SA;;;No;No;No;S/I
161;7.000;Gasto Común;Carga Histórica;;S/I;;13/02/2024;1;No;Combustible por tramites;Combustible Y Estacionamientos;;;No;No;No;S/I
160;49.470;Gasto Común;Carga Histórica;;S/I;;16/02/2024;1;No;Compra de camara de concreto;Infraestructuras;;;No;No;No;S/I
159;275.684;Gasto Común;Carga Histórica;;S/I;;19/02/2024;1;No;Instalación de cámaras y otros;Instalaciones Electricas;;;No;No;No;S/I
158;725.000;Gasto Común;Carga Histórica;;S/I;;19/02/2024;1;No;Pintado y limpieza del condominio;Trabajadores Eventuales;;;No;No;No;S/I
157;339.517;Gasto Común;Carga Histórica;;S/I;;19/02/2024;1;No;Materiales para pintado;Sodimac SA;;;No;No;No;S/I
155;13.180;Gasto Común;Carga Histórica;;S/I;;15/01/2024;1;No;Bolsas para basura;Sodimac SA;;;No;No;No;S/I
154;1.085.300;Gasto Común;Carga Histórica;;S/I;;05/04/2024;1;No;Consumo electrico;Cge;;;No;No;No;S/I
153;356.070;Gasto Común;Carga Histórica;;S/I;;09/03/2024;1;No;3 Cámaras de seguridad;Instalaciones Electricas;;;No;No;No;S/I
152;500.000;Gasto Común;Carga Histórica;;S/I;;09/03/2024;1;No;Compra de dispositivos de control portón y alarma;Dhimel;;;No;No;No;S/I
151;1.990;Gasto Común;Carga Histórica;;S/I;;11/03/2024;1;No;Compra de jarro graduado;Supermercado;;;No;No;No;S/I
150;20.980;Gasto Común;Carga Histórica;;S/I;;11/03/2024;1;No;Compra de EPP;Sodimac SA;;;No;No;No;S/I
148;11.100;Gasto Común;Carga Histórica;;S/I;;06/03/2024;1;No;Combustible mas estacionamiento;Combustible Y Estacionamientos;;;No;No;No;S/I
147;61.990;Gasto Común;Carga Histórica;;S/I;;09/03/2024;1;No;Compra de Router y contratación de lineas.;Wom;;;No;No;No;S/I
146;1.251.300;Gasto Común;Carga Histórica;;S/I;;06/03/2024;1;No;Consumo electrico Febrero 2024;Cge;;;No;No;No;S/I
145;780.000;Gasto Común;Carga Histórica;;S/I;;03/02/2024;1;No;Inatalación de 3 postes con iluminación;Instalaciones Electricas;;;No;No;No;S/I
144;40.000;Gasto Común;Carga Histórica;;S/I;;02/02/2024;1;No;Limpieza de Condominio;Hector Castro;;;No;No;No;S/I
143;2.942;Gasto Común;Carga Histórica;;S/I;;29/01/2024;1;No;Comisión mantención plan;Santander;;;No;No;No;S/I
142;3.584.500;Gasto Común;Carga Histórica;;S/I;;13/02/2024;1;No;Consumo Electrico;Cge;;;No;No;No;S/I
141;8.000;Gasto Común;Carga Histórica;;S/I;;20/01/2024;1;No;Recargas chip;Recargas Chip;;;No;No;No;S/I
140;21.780;Gasto Común;Carga Histórica;;S/I;;30/01/2024;1;No;Compra de escobillones;Sodimac SA;;;No;No;No;S/I
139;210.000;Gasto Común;Carga Histórica;;S/I;;30/01/2024;1;No;Compra de focos;Instalaciones Electricas;;;No;No;No;S/I
138;200.000;Gasto Común;Carga Histórica;;S/I;;27/01/2024;1;No;Desmalezado Lt1 Mz1;Hector Castro;;;No;No;No;S/I
137;200.000;Gasto Común;Carga Histórica;;S/I;;27/01/2024;1;No;Desmalezado de varios lotes Mz1;Hector Castro;;;No;No;No;S/I
136;1.000.000;Gasto Común;Carga Histórica;;S/I;;16/01/2024;1;No;Pago de abogados por demanda particular;Abogados;;;No;No;No;S/I
135;350.000;Gasto Común;Carga Histórica;;S/I;;26/01/2024;1;No;Instalación de 3 postes con iluminación;Instalaciones Electricas;;;No;No;No;S/I
134;100.000;Gasto Común;Carga Histórica;;S/I;;19/01/2024;1;No;Desmalezado;Hector Castro;;;No;No;No;S/I
133;112.550;Gasto Común;Carga Histórica;;S/I;;19/01/2024;1;No;Compra de letreros;Infraestructuras;;;No;No;No;S/I
132;180.000;Gasto Común;Carga Histórica;;S/I;;19/01/2024;1;No;Instalaciónes eléctricas;Instalaciones Electricas;;;No;No;No;S/I
131;50.000;Gasto Común;Carga Histórica;;S/I;;18/01/2024;1;No;Desmalezado;Hector Castro;;;No;No;No;S/I
130;302.333;Gasto Común;Carga Histórica;;S/I;;16/01/2024;1;No;Comunidad Feliz cuota 2;Administrativo;;;No;No;No;S/I
127;41.500;Gasto Común;Carga Histórica;;S/I;;12/01/2024;1;No;Certificados para demanda;Cbr Coronel;;;No;No;No;S/I
126;250.000;Gasto Común;Carga Histórica;;S/I;;10/01/2024;1;No;Comunidad Feliz cuota 1;Administrativo;;;No;No;No;S/I
125;6.000;Gasto Común;Carga Histórica;;S/I;;10/01/2024;1;No;Recarga portón Wom;Recargas Chip;;;No;No;No;S/I
124;2.925;Gasto Común;Carga Histórica;;S/I;;27/12/2023;1;No;Comisión mantención plan;Administrativo;;;No;No;No;S/I
122;11.730;Gasto Común;Carga Histórica;;S/I;;15/11/2023;1;No;Compra de Alargador para internet conserjería;Mercadolibre;;;No;No;No;S/I
121;100.000;Gasto Común;Carga Histórica;;S/I;;04/01/2024;1;No;Traspaso de cuotas iniciales a gasto común;Interno;;;No;No;No;S/I
119;250.000;Gasto Común;Carga Histórica;;S/I;;30/12/2023;1;No;Traspaso de cuotas iniciales a Gasto Común;Interno;;;No;No;No;S/I
118;7.000;Gasto Común;Carga Histórica;;S/I;;05/12/2023;1;No;Portón Wom;Recargas Chip;;;No;No;No;S/I
117;150.000;Gasto Común;Carga Histórica;;S/I;;10/12/2023;1;No;Traspaso de cuotas iniciales a Gasto Común;Interno;;;No;No;No;S/I
116;750.000;Gasto Común;Carga Histórica;;S/I;;11/12/2023;1;No;Demanda Aguas Mitrinhue;Administrativo;;;No;No;No;S/I
115;250.000;Gasto Común;Carga Histórica;;S/I;;10/12/2023;1;No;Demanda Aguas Mitrinhue;Administrativo;;;No;No;No;S/I
114;7.000;Gasto Común;Carga Histórica;;S/I;;05/12/2023;1;No;Portón Wom;Recargas Chip;;;No;No;No;S/I
113;2.890;Gasto Común;Carga Histórica;;S/I;;27/09/2023;1;No;Banco Santander;Santander;;;No;No;No;S/I
112;2.896;Gasto Común;Carga Histórica;;S/I;;26/10/2023;1;No;Banco Santander;Santander;;;No;No;No;S/I
111;13.500;Gasto Común;Carga Histórica;;S/I;;23/11/2023;1;No;Combustible;Copec;;;No;No;No;S/I
110;2.911;Gasto Común;Carga Histórica;;S/I;;30/11/2023;1;No;Banco Santander;Santander;;;No;No;No;S/I
109;33.058;Gasto Común;Carga Histórica;;S/I;;22/11/2023;1;No;Candado tapa;Sodimac SA;;;No;No;No;S/I
108;171.870;Gasto Común;Carga Histórica;;S/I;;20/11/2023;1;No;Victor Vera;Infraestructuras;;;No;No;No;S/I
107;1.224.000;Gasto Común;Carga Histórica;;S/I;;15/11/2023;1;No;Estructuras metálicas Victor Vera;Infraestructuras;;;No;No;No;S/I
106;199.960;Gasto Común;Carga Histórica;;S/I;;13/11/2023;1;No;Memoria;Instalaciones Electricas;;;No;No;No;S/I
105;1.000;Gasto Común;Carga Histórica;;S/I;;13/11/2023;1;No;Recargas;Recargas Chip;;;No;No;No;S/I
103;5.000;Gasto Común;Carga Histórica;;S/I;;13/11/2023;1;No;Recargas;Recargas Chip;;;No;No;No;S/I
102;40.940;Gasto Común;Carga Histórica;;S/I;;13/11/2023;1;No;Elementos para instalaciones;Mercadolibre;;;No;No;No;S/I
101;474.760;Gasto Común;Carga Histórica;;S/I;;13/11/2023;1;No;Compra de Cámaras;Dhimel;;;No;No;No;S/I
100;13.000;Gasto Común;Carga Histórica;;S/I;;07/11/2023;1;No;Copia de llaves;Administrativo;;;No;No;No;S/I
99;250.000;Gasto Común;Carga Histórica;;S/I;;31/10/2023;1;No;Materiales;Infraestructuras;;;No;No;No;S/I
98;338.517;Gasto Común;Carga Histórica;;S/I;;02/11/2023;1;No;Materiales;Infraestructuras;;;No;No;No;S/I
97;2.000;Gasto Común;Carga Histórica;;S/I;;10/10/2023;1;No;Recarga;Recargas Chip;;;No;No;No;S/I
96;2.000;Gasto Común;Carga Histórica;;S/I;;10/10/2023;1;No;Recarga;Recargas Chip;;;No;No;No;S/I
95;7.000;Gasto Común;Carga Histórica;;S/I;;10/10/2023;1;No;Recarga;Recargas Chip;;;No;No;No;S/I
94;275.000;Gasto Común;Carga Histórica;;S/I;;30/10/2023;1;No;Victor Vera;Infraestructuras;;;No;No;No;S/I
93;250.000;Gasto Común;Carga Histórica;;S/I;;30/10/2023;1;No;Victor Vera;Infraestructuras;;;No;No;No;S/I
92;10.000;Gasto Común;Carga Histórica;;S/I;;23/10/2023;1;No;Notaría;Administrativo;;;No;No;No;S/I
91;100.000;Gasto Común;Carga Histórica;;S/I;;20/10/2023;1;No;Notaría;Administrativo;;;No;No;No;S/I
90;5.500;Gasto Común;Carga Histórica;;S/I;;23/10/2023;1;No;Libro de Actas;Administrativo;;;No;No;No;S/I
89;7.740;Gasto Común;Carga Histórica;;S/I;;20/11/2023;1;No;Estacionamiento;Administrativo;;;No;No;No;S/I
88;1.700;Gasto Común;Carga Histórica;;S/I;;20/11/2023;1;No;Estacionamiento;Administrativo;;;No;No;No;S/I
87;57.000;Gasto Común;Carga Histórica;;S/I;;07/11/2023;1;No;Elementos para instalaciones;Dhimel;;;No;No;No;S/I
86;127.140;Gasto Común;Carga Histórica;;S/I;;07/11/2023;1;No;Elementos para instalaciones;Dhimel;;;No;No;No;S/I
85;118.690;Gasto Común;Carga Histórica;;S/I;;06/11/2023;1;No;Elementos para instalaciones;Dhimel;;;No;No;No;S/I
84;18.920;Gasto Común;Carga Histórica;;S/I;;06/11/2023;1;No;Elementos para instalaciones;Sodimac SA;;;No;No;No;S/I
83;34.690;Gasto Común;Carga Histórica;;S/I;;06/11/2023;1;No;Elementos para instalaciones;Sodimac SA;;;No;No;No;S/I
82;29.390;Gasto Común;Carga Histórica;;S/I;;06/11/2023;1;No;Elementos para instalaciones;Sodimac SA;;;No;No;No;S/I
81;1.165.500;Gasto Común;Carga Histórica;;S/I;;14/11/2023;1;No;Consumo elécrico;Cge;;;No;No;No;S/I
80;250.000;Gasto Común;Carga Histórica;;S/I;;24/10/2023;1;No;Traspaso de cuotas iniciales a Gasto Común;Interno;;;No;No;No;S/I
79;1.279.700;Gasto Común;Carga Histórica;;S/I;;09/10/2023;1;No;Consumo eléctrico;Cge;;;No;No;No;S/I
78;93.672;Gasto Común;Carga Histórica;;S/I;;21/09/2023;1;No;Herramientas e insumos;Sodimac SA;;;No;No;No;S/I
77;71.400;Gasto Común;Carga Histórica;;S/I;;22/05/2023;1;No;Asesorias y capacitación;Casa Sepia;;;No;No;No;S/I
76;20.000;Gasto Común;Carga Histórica;;S/I;;31/08/2023;1;No;Cotización;Infraestructuras;;;No;No;No;S/I
75;2.865;Gasto Común;Carga Histórica;;S/I;;29/05/2023;1;No;Banco Santander;Santander;;;No;No;No;S/I
74;2.883;Gasto Común;Carga Histórica;;S/I;;28/06/2023;1;No;Banco Santander;Santander;;;No;No;No;S/I
73;2.887;Gasto Común;Carga Histórica;;S/I;;27/07/2023;1;No;Banco Santander;Santander;;;No;No;No;S/I
72;2.884;Gasto Común;Carga Histórica;;S/I;;28/08/2023;1;No;Banco Santander;Santander;;;No;No;No;S/I
71;109.990;Gasto Común;Carga Histórica;;S/I;;11/09/2023;1;No;Herramientas e insumos;Pc Factory;;;No;No;No;S/I
70;0;Gasto Común;Carga Histórica;;S/I;;04/09/2023;1;No;Elecsur SPA;Instalaciones Electricas;;;No;No;No;S/I
69;1.166.200;Gasto Común;Carga Histórica;;S/I;;02/09/2023;1;No;Asesorias y capacitación;Casa Sepia;;;No;No;No;S/I
68;250.000;Gasto Común;Carga Histórica;;S/I;;04/09/2023;1;No;Reparación apertura portón;Instalaciones Electricas;;;No;No;No;S/I
67;200.000;Gasto Común;Carga Histórica;;S/I;;01/09/2023;1;No;Elecsur SPA;Instalaciones Electricas;;;No;No;No;S/I
66;1.343.700;Gasto Común;Carga Histórica;;S/I;;10/09/2023;1;No;Consumo eléctrico;Cge;;;No;No;No;S/I
65;12.000;Gasto Común;Carga Histórica;;S/I;;12/08/2023;1;No;Recargas chip;Recargas Chip;;;No;No;No;S/I
64;11.500;Gasto Común;Carga Histórica;;S/I;;09/08/2023;1;No;Recargas chip;Recargas Chip;;;No;No;No;S/I
63;40.000;Gasto Común;Carga Histórica;;S/I;;02/08/2023;1;No;Elecsur SPA;Instalaciones Electricas;;;No;No;No;S/I
62;1.424.300;Gasto Común;Carga Histórica;;S/I;;29/08/2023;1;No;Consumo eléctrico;Cge;;;No;No;No;S/I
61;250.000;Gasto Común;Carga Histórica;;S/I;;14/07/2023;1;No;Traspaso de cuotas iniciales a Gasto Común;Interno;;;No;No;No;S/I
60;250.000;Gasto Común;Carga Histórica;;S/I;;13/07/2023;1;No;Traspaso de cuotas iniciales a Gasto Común;Interno;;;No;No;No;S/I
59;1.529.800;Gasto Común;Carga Histórica;;S/I;;13/07/2023;1;No;Consumo eléctrico;Cge;;;No;No;No;S/I
58;250.620;Gasto Común;Carga Histórica;;S/I;;12/05/2023;1;No;Compra de herramientas;Instalaciones Electricas;87758;;No;No;No;S/I
57;1.199.800;Gasto Común;Carga Histórica;;S/I;;12/06/2023;1;No;Consumo eléctrico;Cge;;;No;No;No;S/I
56;2.846;Gasto Común;Carga Histórica;;S/I;;26/04/2023;1;No;Banco Santander;Santander;;;No;No;No;S/I
55;1.318.000;Gasto Común;Carga Histórica;;S/I;;03/05/2023;1;No;Elecsur SPA;Instalaciones Electricas;;;No;No;No;S/I
54;1.047.300;Gasto Común;Carga Histórica;;S/I;;12/05/2023;1;No;Consumo eléctrico;Cge;;;No;No;No;S/I
53;761.600;Gasto Común;Carga Histórica;;S/I;;14/04/2023;1;No;Compra de herramientas;Enocmat;;;No;No;No;S/I
52;2.841;Gasto Común;Carga Histórica;;S/I;;29/03/2023;1;No;Banco Santander;Santander;;;No;No;No;S/I
51;250.000;Gasto Común;Carga Histórica;;S/I;;28/02/2023;1;No;Compra de herramientas;Enocmat;;;No;No;No;S/I
50;850.500;Gasto Común;Carga Histórica;;S/I;;12/04/2023;1;No;Consumo eléctrico;Cge;;;No;No;No;S/I
49;0;Gasto Común;Carga Histórica;;S/I;;15/03/2023;1;No;Consumo eléctrico;Cge;;;No;No;No;S/I
48;0;Gasto Común;Carga Histórica;;S/I;;15/03/2023;1;No;Consumo eléctrico areas comunes;Cge;;;No;No;No;S/I
47;10.000;Gasto Común;Carga Histórica;;S/I;;12/03/2023;1;No;Combustible;Copec;;;No;No;No;S/I
46;14.500;Gasto Común;Carga Histórica;;S/I;;12/03/2023;1;No;Recargas chip;Recargas Chip;;;No;No;No;S/I
45;250.000;Gasto Común;Carga Histórica;;S/I;;20/02/2023;1;No;Compra de herramientas;Coprofor Ltda;;;No;No;No;S/I
44;278.550;Gasto Común;Carga Histórica;;S/I;;17/02/2023;1;No;Reparación apertura portón;Control 8;;;No;No;No;S/I
43;200.000;Gasto Común;Carga Histórica;;S/I;;03/03/2023;1;No;Sueldo;Jardinero;;;No;No;No;S/I
42;25.000;Gasto Común;Carga Histórica;;S/I;;09/01/2024;1;No;Bencina;Copec;;;No;No;No;S/I
41;1.219.381;Gasto Común;Carga Histórica;;S/I;;02/03/2023;1;No;Herramientas e insumos;Enocmat;;;No;No;No;S/I
40;88.890;Gasto Común;Carga Histórica;;S/I;;14/03/2023;1;No;Bidones y combustible;Copec;;;No;No;No;S/I
39;77.120;Gasto Común;Carga Histórica;;S/I;;03/03/2023;1;No;Bidones y combustible;Copec;;;No;No;No;S/I
38;29.900;Gasto Común;Carga Histórica;;S/I;;03/03/2023;1;No;Aceite para motobombas;Serviautos;;;No;No;No;S/I
37;2.823;Gasto Común;Carga Histórica;;S/I;;24/02/2023;1;No;Banco Santander;Santander;;;No;No;No;S/I
36;1.010.700;Gasto Común;Carga Histórica;;S/I;;12/03/2023;1;No;Consumo eléctrico;Cge;;;No;No;No;S/I
35;7.500;Gasto Común;Carga Histórica;;S/I;;02/02/2023;1;No;Certificado de Dominio Vigente;Cbr Coronel;;;No;No;No;S/I
34;8.292;Gasto Común;Carga Histórica;;S/I;;15/01/2023;1;No;Banco Santander;Santander;;;No;No;No;S/I
33;1.125;Gasto Común;Carga Histórica;;S/I;;12/02/2023;1;No;Consumo eléctrico;Cge;;;No;No;No;S/I
32;31.061;Gasto Común;Carga Histórica;;S/I;;12/02/2023;1;No;Consumo eléctrico;Cge;;;No;No;No;S/I
31;156.203;Gasto Común;Carga Histórica;;S/I;;12/02/2023;1;No;Consumo eléctrico;Cge;;;No;No;No;S/I
30;94.800;Gasto Común;Carga Histórica;;S/I;;10/02/2023;1;No;Herramientas e insumos;Coprofor Ltda;;;No;No;No;S/I
29;20.000;Gasto Común;Carga Histórica;;S/I;;10/02/2023;1;No;Anticipo quincena;Jardinero;;;No;No;No;S/I
28;4.230;Gasto Común;Carga Histórica;;S/I;;01/02/2023;1;No;Nylon;Sodimac SA;;;No;No;No;S/I
27;25.110;Gasto Común;Carga Histórica;;S/I;;13/02/2023;1;No;Bloqueador solar y nylon;Sodimac SA;;;No;No;No;S/I
25;489.754;Gasto Común;Carga Histórica;;S/I;;03/02/2023;1;No;Mangueras;Hidrocentro;;;No;No;No;S/I
24;347.740;Gasto Común;Carga Histórica;;S/I;;08/02/2023;1;No;Sueldo;Jardinero;;;No;No;No;S/I
23;2.808;Gasto Común;Carga Histórica;;S/I;;27/01/2023;1;No;Banco Santander;Santander;;;No;No;No;S/I
22;36.900;Gasto Común;Carga Histórica;;S/I;;25/01/2023;1;No;Aceite 2 T;Coprofor Ltda;;;No;No;No;S/I
21;141.065;Gasto Común;Carga Histórica;;S/I;;24/01/2023;1;No;Carretilla, pala de basura, aspersores y barrehojas.;Sodimac SA;;;No;No;No;S/I
20;30.000;Gasto Común;Carga Histórica;;S/I;;22/01/2023;1;No;Anticipo;Jardinero;;;No;No;No;S/I
19;115.000;Gasto Común;Carga Histórica;;S/I;;19/01/2023;1;No;Elecsur SPA;Instalaciones Electricas;;;No;No;No;S/I
18;19.940;Gasto Común;Carga Histórica;;S/I;;17/01/2023;1;No;Control de asistencia;Mercadolibre;;;No;No;No;S/I
17;28.633;Gasto Común;Carga Histórica;;S/I;;13/01/2023;1;No;Pulverizadora Manual;Mercadolibre;;;No;No;No;S/I
16;23.697;Gasto Común;Carga Histórica;;S/I;;06/01/2023;1;No;Escobas industriales;Mercadolibre;;;No;No;No;S/I
15;125.010;Gasto Común;Carga Histórica;;S/I;;01/01/2023;1;No;Herramientas e insumos;Sodimac SA;;;No;No;No;S/I
14;30.000;Gasto Común;Carga Histórica;;S/I;;13/01/2023;1;No;Anticipo quincena;Jardinero;;;No;No;No;S/I
13;100.000;Gasto Común;Carga Histórica;;S/I;;12/01/2023;1;No;Retiro de Basura;Hector Castro;;;No;No;No;S/I
12;2.900;Gasto Común;Carga Histórica;;S/I;;12/01/2023;1;No;Aceite 2 T;Coprofor Ltda;;;No;No;No;S/I
11;498.000;Gasto Común;Carga Histórica;;S/I;;12/01/2023;1;No;Desbrozadora Stihl;Coprofor Ltda;;;No;No;No;S/I
10;64.800;Gasto Común;Carga Histórica;;S/I;;25/01/2023;1;No;Rango Full Matamalezas;Agroservicios Capurro;35276;;No;No;No;S/I
9;113.440;Gasto Común;Carga Histórica;;S/I;;25/01/2023;1;No;Compra de herramientas;Easy;;;No;No;No;S/I
8;47.433;Gasto Común;Carga Histórica;;S/I;;03/03/2023;1;No;Colaciones brigadistas;Supermercado;;;No;No;No;S/I
7;1.511.050;Gasto Común;Carga Histórica;;S/I;;02/03/2023;1;No;Herramientas e insumos;Enocmat;;;No;No;No;S/I
5;128.360;Gasto Común;Carga Histórica;;S/I;;01/01/2023;1;No;Frigobar conserjeria;Sodimac SA;;;No;No;No;S/I
2;13.253.915;Gasto Común;Carga Histórica;;S/I;;16/01/2023;1;No;Mejoramientos;Consumos;;;No;No;No;S/I
